mrgid_eez,union,iso_ter1,sovereign1,iso_sov1,pol_type,note
5670,Albania,ALB,Albania,ALB,Union EEZ and country,
49001,Alhucemas Islands,,Spain,ESP,Overlapping claim,
,Andorra,AND,Andorra,AND,Landlocked country,
,Austria,AUT,Austria,AUT,Landlocked country,
8361,Azores,,Portugal,PRT,Union EEZ and country,
,Belarus,BLR,Belarus,BLR,Landlocked country,
3293,Belgium,BEL,Belgium,BEL,Union EEZ and country,
22491,Bosnia and Herzegovina,BIH,Bosnia and Herzegovina,BIH,Union EEZ and country,
5672,Bulgaria,BGR,Bulgaria,BGR,Union EEZ and country,
8364,Canary Islands,,Spain,ESP,Union EEZ and country,
49002,Ceuta,,Spain,ESP,Overlapping claim,
48997,Chafarinas Islands,,Spain,ESP,Overlapping claim,
5673,Croatia,HRV,Croatia,HRV,Union EEZ and country,
8376,Cyprus,CYP,Cyprus,CYP,Union EEZ and country,
,Czech Republic,CZE,Czech Republic,CZE,Landlocked country,
5674,Denmark,DNK,Denmark,DNK,Union EEZ and country,
5675,Estonia,EST,Estonia,EST,Union EEZ and country,
8435,Faeroe,FRO,Denmark,DNK,Union EEZ and country,
5676,Finland,FIN,Finland,FIN,Union EEZ and country,
5677,France,FRA,France,FRA,Union EEZ and country,
5678,Georgia,GEO,Georgia,GEO,Union EEZ and country,
5669,Germany,DEU,Germany,DEU,Union EEZ and country,
8365,Gibraltar,GIB,United Kingdom,GIB,Overlapping claim,
,Grand Duchy of Luxembourg,LUX,Grand Duchy of Luxembourg,LUX,Landlocked country,
5679,Greece,GRC,Greece,GRC,Union EEZ and country,
21788,Guernsey,GGY,United Kingdom,GBR,Union EEZ and country,
,Hungary,HUN,Hungary,HUN,Landlocked country,
5680,Iceland,ISL,Iceland,ISL,Union EEZ and country,
5681,Ireland,IRL,Ireland,IRL,Union EEZ and country,
64446,Isle of Man,IMN,United Kingdom,GBR,Union EEZ and country,
5682,Italy,ITA,Italy,ITA,Union EEZ and country,
8437,Jan Mayen,SJM,Norway,NOR,Union EEZ and country,
21789,Jersey,JEY,United Kingdom,GBR,Union EEZ and country,
50167,Joint regime area: Croatia / Slovenia,HRV,Croatia,HRV,Joint regime (EEZ),
48976,Joint regime area: France / Italy,FRA,France,FRA,Joint regime (EEZ),
48973,Joint regime area: Iceland / Denmark (Faeroe Islands),FRO,Denmark,DNK,Joint regime (EEZ),
48975,Joint regime area: Iceland / Norway (Jan Mayen),ISL,Iceland,ISL,Joint regime (EEZ),
64459,Joint regime area: Norway / Russia,NOR,Norway,NOR,Joint regime (EEZ),
48966,Joint regime area: Spain / France,FRA,France,FRA,Joint regime (EEZ),
48977,Joint regime area: Sweden / Norway,NOR,Norway,NOR,Joint regime (EEZ),
48967,Joint regime area: United Kingdom / Denmark (Faeroe Islands),GBR,United Kingdom,GBR,Joint regime (EEZ),
5683,Latvia,LVA,Latvia,LVA,Union EEZ and country,
,Liechtenstein,LIE,Liechtenstein,LIE,Landlocked country,
5684,Lithuania,LTU,Lithuania,LTU,Union EEZ and country,
,Macedonia,MKD,Macedonia,MKD,Landlocked country,
8363,Madeira,,Portugal,PRT,Union EEZ and country,
5685,Malta,MLT,Malta,MLT,Union EEZ and country,
49000,Melilla,,Spain,ESP,Overlapping claim,
,Moldova,MDA,Moldova,MDA,Landlocked country,
21790,Monaco,MCO,Monaco,MCO,Union EEZ and country,
5691,Montenegro,MNE,Montenegro,MNE,Union EEZ and country,
5668,Netherlands,NLD,Netherlands,NLD,Union EEZ and country,
5686,Norway,NOR,Norway,NOR,Union EEZ and country,
48998,Perejil Island,,Spain,ESP,Overlapping claim,
48999,Peñón de Vélez de la Gomera,,Spain,ESP,Overlapping claim,
5687,Poland,POL,Poland,POL,Union EEZ and country,
5688,Portugal,PRT,Portugal,PRT,Union EEZ and country,
5689,Romania,ROU,Romania,ROU,Union EEZ and country,
5690,Russia,RUS,Russia,RUS,Union EEZ and country,clipped to west of 60°E
,San Marino,SMR,San Marino,SMR,Landlocked country,
,Serbia,SRB,Serbia,SRB,Landlocked country,
,Slovakia,SVK,Slovakia,SVK,Landlocked country,
5692,Slovenia,SVN,Slovenia,SVN,Union EEZ and country,
5693,Spain,ESP,Spain,ESP,Union EEZ and country,
33181,Svalbard,SJM,Norway,NOR,Union EEZ and country,
5694,Sweden,SWE,Sweden,SWE,Union EEZ and country,
,Switzerland,CHE,Switzerland,CHE,Landlocked country,
5697,Turkey,TUR,Turkey,TUR,Union EEZ and country,
5695,Ukraine,UKR,Ukraine,UKR,Union EEZ and country,
5696,United Kingdom,GBR,United Kingdom,GBR,Union EEZ and country,
,Vatican City,VAT,Vatican City,VAT,Landlocked country,
